ExchangeName;Country;Capitalization;Capitalization/GDP;Value traded (EOB Total);Value traded (Total)/GDP;Share turnover velocity;Capitalization/Number of listed companies (Total);Number of listed companies (Total);Number of listed companies (Foreign)/Number of listed companies (Total);Number of listed companies (Domestic)/Population;Number of listed companies (Domestic);Number of listed companies (Foreign);Number of new listings through IPO (Total);Number of trades (EOB);GDP;Population
Astana International Exchange;Kazakhstan;62,34;0,2764;66,82;0,2963;1,0719;6,234;10;0,2;0,4047;8;2;1;18,39;225,529;19,767
National Equities Exchange and Quotations;China;44003,11;sty.00;1728,51;0,0966;0,0393;sty.00;6580;0;sty.00;6580;0;0;2861,92;17886,33;1411,75
Armenia Securities Exchange;Armenia;252,67;sty.00;sty.00;0,125;0,0097;21,0558;12;0;4,0513;12;0;2;sty.00;19,514;2,962
MERJ Exchange Limited;Seychelles;1215,83;614,9874;sty.00;sty.00;0,0065;25,8687;47;0,0213;464,6465;46;1;0;0,69;1,977;0,099
Bulgarian Stock Exchange;Bulgaria;15704,59;176,2284;423,24;sty.00;0,027;27,4556;572;0,6486;31,1725;201;371;4;87,34;89,115;6,448
Colombo Stock Exchange;Sri Lanka;10598,22;141,6004;1684,42;22,5051;0,1589;36,5456;290;0;sty.00;290;0;4;6056,71;74,846;22,396
Baku Stock Exchange;Azerbaijan;1467,98;18,6479;sty.00;0,029;0,0016;50,62;29;0;sty.00;29;0;0;sty.00;78,721;10,156
Namibian Stock Exchange;Namibia;2158,68;171,2966;796,1;63,1725;0,3688;55,3508;39;0,641;sty.00;14;25;0;sty.00;12,602;2,596
Pakistan Stock Exchange;Pakistan;28713,9;76,6403;7617,57;20,3321;0,2653;58,1253;494;0;2,176;494;0;3;25020,95;374,658;227,027
Cyprus Stock Exchange;Cyprus;6532,66;229,5302;46,25;1,625;0,0071;60,4876;108;0,1481;101,6575;92;16;0;21,93;28,461;0,905
Stock Exchange of Mauritius;Mauritius;8567,34;664,2379;251,65;19,5108;0,0294;92,1219;93;0,043;70,5789;89;4;1;73,71;12,898;1,261
Tunis Stock Exchange;Tunisia;7753,84;167,2492;570,17;sty.00;0,0735;94,559;82;0;sty.00;82;0;2;340,04;46,361;12,129
Palestine Exchange;West Bank and Gaza;4896,18;270,3578;472,75;26,1044;0,0966;99,922;49;0;9,1503;49;0;2;34,95;18.sty;5,355
Dhaka Stock Exchange;Bangladesh;42894,83;93,2089;22690,66;49,306;0,529;121,1718;354;0;2,1006;354;0;9;42377,56;460,201;168,52
Jamaica Stock Exchange;Jamaica;13053,35;767,7086;182,23;10,7175;0,014;129,2411;101;0,0594;34,6336;95;6;7;164,97;17,003;2,743
Malta Stock Exchange;Malta;4358,98;240,2966;34,37;sty.00;0,0079;132,0903;33;0;63,3397;33;0;3;sty.00;18,14;0,521
Vienna Stock Exchange;Austria;123048;261,234;38529,66;81,7994;0,3131;142,4167;864;0,9236;7,313;66;798;0;5431,61;471,026;9,025
Amman Stock Exchange;Jordan;25429,04;535,1342;2537,36;53,3967;0,0998;149,5826;170;0;16,5033;170;0;0;788,39;47,519;10,301
The Egyptian Exchange;Egypt;38852,96;81,7559;11306,22;23,791;0,291;161,8873;240;0,0042;sty.00;239;1;1;10691,75;475,231;103,6
Belarusian Currency and Stock Exchange;Belarus;2496,61;34,2776;sty.00;0,1048;0,0031;178,3293;14;0;sty.00;14;0;0;sty.00;72,835;9,256
Taipei Exchange;Taiwan Province of China;144686,19;190,2614;485610,98;638,5753;sty.00;179,0671;808;0,0384;33,3978;777;31;27;119821,42;760,46;23,265
Ghana Stock Exchange;Ghana;6463,66;89,4711;164,31;sty.00;0,0254;179,5461;36;0,1667;0,9351;30;6;0;22.sty;72,243;32,082
Lusaka Securities Exchange;Zambia;4037,23;135,7417;30,81;1,0359;0,0076;183,5105;22;0;1,099;22;0;0;20.sty;29,742;20,018
Warsaw Stock Exchange;Poland;147657,24;213,7853;65881,69;95,3867;0,4462;184,8026;799;0,0325;20,529;773;26;16;34662,46;690,68;37,654
Muscat Stock Exchange;Oman;22267,53;194,193;2314,26;20,1824;0,1039;202,4321;110;0;22,2943;110;0;1;134,47;114,667;4,934
Zagreb Stock Exchange;Croatia;19335,49;274,0757;243,64;sty.00;0,0126;212,4779;91;0;23,6118;91;0;1;80,34;70,548;3,854
Dar Es Salaam Stock Exchange;Tanzania;6696,87;86,899;57,07;0,7405;0,0085;239,1739;28;0,2143;0,3577;22;6;0;sty.00;77,065;61,51
Bolsa Nacional de Valores;Costa Rica;2232,06;32,6453;43,71;0,6393;0,0196;248,0067;9;0;sty.00;9;0;0;0,46;68,373;5,229
Nairobi Securities Exchange;Kenya;16107,68;141,667;764,73;sty.00;0,0475;264,0603;61;0,0328;1,1651;59;2;0;272,94;113,701;50,64
BRVM;"Benin; Burkina Faso; C te d'Ivoire; Guinea-Bissau; Mali; Niger; Senegal; Togo";12292,97;68,7611;279,01;sty.00;0,0227;267,2385;46;0;0,3247;46;0;1;113,85;178,778;141,657
Kazakhstan Stock Exchange;Kazakhstan;45705,58;202,6594;410,85;sty.00;0,009;321,8703;142;0,4085;sty.00;84;58;0;422,65;225,529;19,767
Ljubljana Stock Exchange;Slovenia;8171,27;135,9364;415,48;sty.00;0,0508;340,4696;24;0;sty.00;24;0;0;46,84;60,111;2,107
Rwanda Stock Exchange;Rwanda;3444,67;258,8226;16,75;sty.00;0,0049;344,467;10;0,5;0,3775;5;5;0;611;13,309;13,246
Bucharest Stock Exchange;Romania;28983,93;96,2049;2501,65;sty.00;0,0863;349,204;83;0,0241;sty.00;81;2;0;1198,37;301,273;19,042
Bolsa de Valores de Lima;Peru;71314,93;291,5645;2505,14;10,242;0,0351;354,8006;201;0,0746;sty.00;186;15;0;122,82;244,594;34,167
Athens Stock Exchange;Greece;59035,28;269,2749;19305,22;88,056;0,327;371,2911;159;0,0314;0,009;154;5;2;7519,91;219,238;17076
Budapest Stock Exchange;Hungary;23867,01;132,5849;9409,92;52,2736;0,3943;378,8414;63;0,0159;6,399;62;1;3;2150,6;180,013;9,689
Bolsa Electronica de Chile;Chile;112397,02;373,7485;2862,77;sty.00;0,0255;384,9213;292;0,2877;10,4897;208;84;0;26226;300,729;19,829
Bolsa Latinoamericana de Valores (Latinex);Panama;15628;204,2262;632,73;sty.00;0,0405;390,7;40;0,175;sty.00;33;7;2;04.sty;76,523;4,395
Bursa Malaysia;Malaysia;381207,16;936,5648;110497,92;271,4757;0,2899;392,9971;970;0,0072;29,4928;963;7;34;58427,39;407,027;32,652
Luxembourg Stock Exchange;Luxembourg;50896,86;622,9268;47,44;0,5806;0,0009;400,7627;127;0,7795;43,4109;28;99;4;sty.00;81,706;0,645
Hochiminh Stock Exchange;Vietnam;170152,26;418,6282;162071,35;398,7466;0,9525;423,2643;402;0;4,0417;402;0;6;149473,54;406,452;99,462
BME Spanish Exchanges;Spain;665497,68;469,0171;363211,18;255,9772;0,5458;444,2575;1498;0,0174;30,9146;1472;26;12;37777,25;1418,92;47,615
Prague Stock Exchange;Czech Republic;28808,94;99,1606;7367,61;25,3594;0,2557;488,2871;59;0,5932;sty.00;24;35;3;838,21;290,528;10,828
Tel-Aviv Stock Exchange;Israel;269637,29;513,5919;111767,48;212,8892;0,4145;492,0389;548;0,0547;53,6121;518;30;14;33095,36;525,003;9,662
Nigerian Exchange;Nigeria;91439,45;191,546;2253,55;sty.00;0,0246;525,5141;174;0,0057;0,7982;173;1;0;1039,31;477,376;216,747
Bolsa de Comercio de Santiago;Chile;172834,89;574,7197;38611,44;128,3928;0,2234;579,9829;298;0,3557;sty.00;192;106;0;9344,45;300,729;19,829
Moscow Exchange;Russia;530104,33;236,2056;229772,26;102,3826;0,4334;629,5776;842;0,7684;sty.00;195;647;1;351245,94;2244,25;143,442
Korea Exchange;Korea;1644507,58;982,429;3061987,65;1829,2318;sty.00;666,3321;2468;0,0089;47,371;2446;22;65;3986105,57;1673,92;51,635
Bahrain Bourse;Bahrain;30262,31;681,8446;450,4;10,148;0,0149;703,7747;43;0,0465;26,5888;41;2;0;16,61;44,383;1,542
Bourse de Casablanca;Morocco;53706,82;410,2482;3068,73;23,441;0,0571;706,6687;76;0,0132;2,0453;75;1;2;269;130,913;36,669
Borsa Istanbul;Turkey;330011,02;364,3145;894668,07;987,6657;2,711;711,2306;464;0,0022;sty.00;463;1;40;883582,55;905,841;85,28
NZX Limited;New Zealand;97545,7;403,0414;14291;59,0479;0,1465;727,953;134;0,0821;24;123;11;0;10964,69;242,024;5,125
Indonesia Stock Exchange;Indonesia;610288,39;462,7569;194859,68;147,7542;0,3193;739,7435;825;0;3,0015;825;0;58;329648,17;1318,81;274,859
The Stock Exchange of Thailand;Thailand;604355,03;1219,8744;478204,67;965,2432;0,7913;746,1173;810;0;sty.00;810;0;40;169059,57;495,424;70,078
TMX Group;Canada;2744719,7;1283,8151;2264780,22;1059,3282;0,8251;765,8258;3584;0,014;90,9746;3534;50;16;303278;2137,94;38,846
ASX Australian Securities Exchange;Australia;1679171,93;986,2688;1140317,47;669,7703;0,6791;786,4974;2135;0,0745;75,2246;1976;159;89;408414,74;1702,55;26,268
Philippine Stock Exchange;Philippines;238581,11;590,1325;26065,47;64,4732;0,1093;834,1997;286;0,0105;sty.00;283;3;9;18620,96;404,284;111,57
Boursa Kuwait;Kuwait;152683,01;870,4896;48147,06;274,5002;0,3153;985,0517;155;0,0452;0,0047;148;7;1;2884,84;175,399;31503
Botswana Stock Exchange;Botswana;31024,98;1524,4192;92,58;sty.00;0,003;1034,166;30;0,2333;0,001;23;7;0;sty.00;20,352;23043
Bolsa de Valores de Colombia;Colombia;68412,49;199,0923;6559,24;19,0885;0,0959;1052,4998;65;0,0308;sty.00;63;2;0;1070,96;343,622;51,609
Japan Exchange Group;Japan;5380475,46;1269,7197;5858341,08;1382,4896;1,0888;1389,9446;3871;0,0015;30,8778;3865;6;87;919223,86;4237,53;125,171
Taiwan Stock Exchange;Taiwan Province of China;1447690,51;1903,7037;1814703,18;2386,323;sty.00;1475,7294;981;0,0877;38,4698;895;86;20;420199,37;760,46;23,265
Nasdaq Nordic and Baltics;"Denmark; Sweden; Finland; Iceland; Estonia; Latvia; Lithuania";1856730,17;1277,85;920352,03;633,4102;0,4957;1484,1968;1251;0,0328;42,6642;1210;41;38;224424,32;1453,011;28,361
National Stock Exchange of India;India;3387366,67;999,3146;1687282,05;497,7688;0,4981;1562,4385;2168;0;sty.00;2168;0;94;4956283,56;3389,69;1417,17
Iran Fara Bourse Securities Exchange;Islamic Republic of Iran;265469,73;766,1928;76869,72;221,8597;0,2896;1570,8268;169;0;sty.00;169;0;12;51982,38;346,479;85,69
Shenzhen Stock Exchange;China;4700872,09;262,8193;18549848,03;1037,0964;3,946;1713,7704;2743;0;1,943;2743;0;187;11298752,82;17886,33;1411,75
Hong Kong Exchanges and Clearing;China;4566809,06;255,324;2901287,82;162,207;0,6353;1758,4941;2597;0,0705;sty.00;2414;183;80;412557,8;17886,33;1411,75
B3 - Brasil Bolsa Balc?o;Brazil;794417,9;413,755;1326211,22;690,7278;sty.00;2152,894;369;0,0217;sty.00;361;8;0;771509,87;1920,02;203,063
Dubai Financial Market;United Arab Emirates;158759,69;313,096;24384,53;48,0896;0,1536;2334,7013;68;0;sty.00;68;0;3;1443,82;507,064;9,865
LSE Group London Stock Exchange;"United Kingdom; Italy";3095983,43;607,7849;855307,74;167,9089;0,2763;2801,795;1105;0,1738;sty.00;913;192;31;148111,75;5093,88;126,821
Euronext;"Netherlands; Belgium; Ireland; Portugal; Norway; France";6064467,44;1057,5408;2889443,36;503,8701;0,4765;3084,6732;1966;0,1282;14,8052;1714;252;61;412167,12;5734,5;115,77
Shanghai Stock Exchange;China;6724470,89;375,9559;13911021,95;777,746;2,0687;3093,1329;2174;0;sty.00;2174;0;154;8108671,22;17886,33;1411,75
Bolsa Mexicana de Valores;Mexico;454370,43;309,9706;105773,44;72,1584;0,2328;3268,852;139;0,0432;1,0221;133;6;0;86565,07;1465,85;130,118
Tehran Stock Exchange;Islamic Republic of Iran;1347575,02;3889,3411;160078,01;462,0136;0,1188;3574,4695;377;0;sty.00;377;0;2;81411;346,479;85,69
Johannesburg Stock Exchange;South Africa;1171748,13;2892,4482;312797,44;772,1373;0,2669;3854,4346;304;0,2204;sty.00;237;67;0;80537,79;405,106;60,604
Deutsche Boerse AG;Germany;1889663,94;462,509;1539289,19;376,7523;0,8146;3928,6153;481;0,1081;5,1195;429;52;5;158679,69;4085,68;83,798
Nasdaq - US;United States;16237594,4;637,7005;27242031,09;1069,8786;sty.00;4402,8184;3688;0,2345;8,464;2823;865;86;4541790,65;25462,73;333,53
Abu Dhabi Securities Exchange;United Arab Emirates;714802,55;1409,689;122157,12;240,9107;0,1709;7942,2506;90;0,0556;sty.00;85;5;9;2841,51;507,064;9,865
SIX Swiss Exchange;Switzerland;1830524,61;2236,5174;870261,13;1063,2767;0,4754;8063,9851;227;0,0441;24,8312;217;10;3;53066,3;818,471;8,739
Saudi Exchange (Tadawul);Saudi Arabia;2638591,15;2381,0776;447513,99;403,8388;0,1696;9808,889;269;0;sty.00;269;0;36;88564,48;1108,15;32,175
NYSE;United States;24060385,92;944,9256;30048965,27;1180,1156;sty.00;10004,3185;2405;0,2441;sty.00;1818;587;23;3617131;25462,73;333,53
